[
  {"firstName": "Aiden", "lastName": "Smith", "credits": 0, "discipline": 0, "support": true, "notes": "", "timesCalled": 0},
  {"firstName": "Brianna", "lastName": "Johnson", "credits": 0, "discipline": 0, "support": false, "notes": "", "timesCalled": 0},
  {"firstName": "Carter", "lastName": "Williams", "credits": 0, "discipline": 0, "support": true, "notes": "", "timesCalled": 0},
  {"firstName": "Diana", "lastName": "Garcia", "credits": 0, "discipline": 0, "support": false, "notes": "", "timesCalled": 0},
  {"firstName": "Ethan", "lastName": "Martinez", "credits": 0, "discipline": 0, "support": true, "notes": "", "timesCalled": 0},
  {"firstName": "Fiona", "lastName": "Rodriguez", "credits": 0, "discipline": 0, "support": false, "notes": "", "timesCalled": 0},
  {"firstName": "Gabriel", "lastName": "Hernandez", "credits": 0, "discipline": 0, "support": true, "notes": "", "timesCalled": 0},
  {"firstName": "Hannah", "lastName": "Lopez", "credits": 0, "discipline": 0, "support": false, "notes": "", "timesCalled": 0},
  {"firstName": "Isaac", "lastName": "Gonzalez", "credits": 0, "discipline": 0, "support": true, "notes": "", "timesCalled": 0},
  {"firstName": "Jasmine", "lastName": "Wilson", "credits": 0, "discipline": 0, "support": false, "notes": "", "timesCalled": 0},
  {"firstName": "Kevin", "lastName": "Anderson", "credits": 0, "discipline": 0, "support": true, "notes": "", "timesCalled": 0},
  {"firstName": "Liam", "lastName": "Thomas", "credits": 0, "discipline": 0, "support": false, "notes": "", "timesCalled": 0},
  {"firstName": "Mia", "lastName": "Taylor", "credits": 0, "discipline": 0, "support": true, "notes": "", "timesCalled": 0},
  {"firstName": "Noah", "lastName": "Moore", "credits": 0, "discipline": 0, "support": false, "notes": "", "timesCalled": 0},
  {"firstName": "Olivia", "lastName": "Jackson", "credits": 0, "discipline": 0, "support": true, "notes": "", "timesCalled": 0},
  {"firstName": "Parker", "lastName": "Martin", "credits": 0, "discipline": 0, "support": false, "notes": "", "timesCalled": 0},
  {"firstName": "Quinn", "lastName": "Lee", "credits": 0, "discipline": 0, "support": true, "notes": "", "timesCalled": 0},
  {"firstName": "Riley", "lastName": "Perez", "credits": 0, "discipline": 0, "support": false, "notes": "", "timesCalled": 0},
  {"firstName": "Sofia", "lastName": "Thompson", "credits": 0, "discipline": 0, "support": true, "notes": "", "timesCalled": 0},
  {"firstName": "Tyler", "lastName": "White", "credits": 0, "discipline": 0, "support": false, "notes": "", "timesCalled": 0},
  {"firstName": "Uma", "lastName": "Harris", "credits": 0, "discipline": 0, "support": true, "notes": "", "timesCalled": 0}
]